Site,bm_1000h_Class45_Mg_ha
BiscBas,23.01034244
FirLopSo,11.16199778
FounEast,18.62805156
GibFalls,10.66202978
GravPit,22.85504278
